{
  "base": {
    "projectedValue": 35909073.05087267,
    "requiredCorpus": 89381493.10438167,
    "score": 40,
    "gap": 53472420.053509,
    "monthlyGap": 20731.103159302926,
    "scoreLost": 0,
    "corpusLost": 0,
    "monthlySpendAtRetirement": 260696.02155444655,
    "lumpSumCorpus": 21545443.8305236,
    "monthlyAnnuityIncome": 71818.14610174534,
    "annualReturn": 0.11718750000000001,
    "r": 0.009765625000000002,
    "n": 336
  },
  "contributionDrop": {
    "projectedValue": 34726922.07402849,
    "requiredCorpus": 89381493.10438167,
    "score": 39,
    "gap": 54654571.03035317,
    "monthlyGap": 21189.419686333185,
    "scoreLost": 0,
    "corpusLost": 0,
    "monthlySpendAtRetirement": 260696.02155444655,
    "lumpSumCorpus": 20836153.244417094,
    "monthlyAnnuityIncome": 69453.84414805699,
    "annualReturn": 0.11718750000000001,
    "r": 0.009765625000000002,
    "n": 336
  },
  "stepupPause": {
    "projectedValue": 35783203.165853545,
    "requiredCorpus": 89381493.10438167,
    "score": 40,
    "gap": 53598289.93852812,
    "monthlyGap": 20779.90255099625,
    "scoreLost": 0,
    "corpusLost": 0,
    "monthlySpendAtRetirement": 260696.02155444655,
    "lumpSumCorpus": 21469921.899512127,
    "monthlyAnnuityIncome": 71566.40633170708,
    "annualReturn": 0.11718750000000001,
    "r": 0.009765625000000002,
    "n": 336
  },
  "medicalOngoing": {
    "projectedValue": 32838565.929126453,
    "requiredCorpus": 89381493.10438167,
    "score": 37,
    "gap": 56542927.17525521,
    "monthlyGap": 21921.52992189561,
    "scoreLost": 0,
    "corpusLost": 0,
    "monthlySpendAtRetirement": 260696.02155444655,
    "lumpSumCorpus": 19703139.557475872,
    "monthlyAnnuityIncome": 65677.1318582529,
    "annualReturn": 0.11718750000000001,
    "r": 0.009765625000000002,
    "n": 336
  }
}